lastname,firstname,phone,email,Street,City,State,Zip
Gilbert,Sean,260-639-4649,SeanCGilbert@teleworm.us,881 Windy Ridge Road,Poe,IN,46816
Medina,Augusta,406-776-0829,AugustaSMedina@rhyta.com,751 Tibbs Avenue,Savage,MT,59262
Barrett,Greta,858-610-5177,GretaJBarrett@jourrapide.com,4695 Pike Street,San Diego,CA,92103
Martin,John,305-879-1836,JohnPMartin@rhyta.com,757 Arbutus Drive,Sunrise,FL,33323
Prather,Mary,941-856-2394,MaryCPrather@armyspy.com,3620 Monroe Avenue,Tampa,FL,33607
Rodriguez,May,708-993-6595,MayDRodriguez@armyspy.com,2731 Woodland Drive,La Grange,IL,60525
Cooper,Joseph,561-951-2903,JosephBCooper@teleworm.us,3023 Pleasant Hill Road,West Palm Beach,FL,33401
Dougherty,Linda,802-749-9060,LindaWDougherty@jourrapide.com,3995 Hardman Road,White River Junction,VT,05001
Wilson,Maria,773-755-1509,MariaFWilson@teleworm.us,2380 Vesta Drive,Chicago,IL,60657
Rocha,Helen,321-452-5417,HelenSRocha@teleworm.us,2740 Stoneybrook Road,Cocoa,FL,32922
Galloway,Mariana,815-536-7778,MarianaEGalloway@jourrapide.com,1497 Braxton Street,Westchester,IL,60154
Kamm,Margaret,336-923-0615,MargaretJKamm@jourrapide.com,2049 Fire Access Road,Oldtown,NC,27106
Jenkins,Jennifer,513-528-0234,JenniferMJenkins@rhyta.com,4390 Rogers Street,Cincinnati,OH,45244
Morris,Kerry,276-873-6235,KerryEMorris@teleworm.us,3675 Payne Street,Honaker,VA,24260
Bird,Garrett,801-898-4079,GarrettABird@armyspy.com,2106 Kemper Lane,Salt Lake City,UT,84104
Mullins,Kristen,336-921-3385,KristenRMullins@rhyta.com,300 Fire Access Road,Boomer,NC,28606
Greer,Edna,817-886-8425,EdnaJGreer@teleworm.us,2976 Baker Avenue,Dallas,TX,75207
McKay,Benjamin,917-592-3403,BenjaminSMcKay@teleworm.us,1163 Duncan Avenue,New York,NY,10007
Graham,Edward,215-533-8912,EdwardJGraham@rhyta.com,4993 Pheasant Ridge Road,Philadelphia,PA,19124
Mendez,Vicente,860-537-9273,VicenteDMendez@teleworm.us,3105 Meadow View Drive,Colchester,CT,06415